{
    "New York": [
        40.7128,
        -74.006
    ],
    "Los Angeles": [
        34.0522,
        -118.2437
    ],
    "Chicago": [
        41.8781,
        -87.6298
    ],
    "Houston": [
        29.7604,
        -95.3698
    ],
    "Phoenix": [
        33.4484,
        -112.074
    ],
    "Philadelphia": [
        39.9526,
        -75.1652
    ],
    "San Antonio": [
        29.4241,
        -98.4936
    ],
    "San Diego": [
        32.7157,
        -117.1611
    ],
    "Dallas": [
        32.7767,
        -96.797
    ],
    "San Jose": [
        37.3382,
        -121.8863
    ],
    "Austin": [
        30.2672,
        -97.7431
    ],
    "Jacksonville": [
        30.3322,
        -81.6557
    ],
    "Fort Worth": [
        32.7555,
        -97.3308
    ],
    "Topeka": [
        39.056198,
        -95.695312
    ],
    "Charlotte": [
        35.2271,
        -80.8431
    ],
    "San Francisco": [
        37.7749,
        -122.4194
    ],
    "Indianapolis": [
        39.7684,
        -86.1581
    ],
    "Seattle": [
        47.6062,
        -122.3321
    ],
    "Denver": [
        39.7392,
        -104.9903
    ],
    "Washington": [
        38.9072,
        -77.0369
    ],
    "Boston": [
        42.3601,
        -71.0589
    ],
    "El Paso": [
        31.7619,
        -106.485
    ],
    "Detroit": [
        42.3314,
        -83.0458
    ],
    "Nashville": [
        36.1627,
        -86.7816
    ],
    "Memphis": [
        35.1495,
        -90.049
    ],
    "Portland": [
        45.5051,
        -122.675
    ],
    "Oklahoma City": [
        35.4676,
        -97.5164
    ],
    "Las Vegas": [
        36.1699,
        -115.1398
    ],
    "Louisville": [
        38.2527,
        -85.7585
    ],
    "Baltimore": [
        39.2904,
        -76.6122
    ],
    "Milwaukee": [
        43.0389,
        -87.9065
    ],
    "Albuquerque": [
        35.0844,
        -106.6504
    ],
    "Tucson": [
        32.2226,
        -110.9747
    ],
    "Fresno": [
        36.7378,
        -119.7871
    ],
    "Sacramento": [
        38.5816,
        -121.4944
    ],
    "Mesa": [
        33.4152,
        -111.8315
    ],
    "Kansas City": [
        39.0997,
        -94.5786
    ],
    "Atlanta": [
        33.749,
        -84.388
    ],
    "Long Beach": [
        33.7701,
        -118.1937
    ],
    "Omaha": [
        41.2565,
        -95.9345
    ],
    "Raleigh": [
        35.7796,
        -78.6382
    ],
    "Miami": [
        25.7617,
        -80.1918
    ],
    "Virginia Beach": [
        36.8529,
        -75.978
    ],
    "Oakland": [
        37.8044,
        -122.2711
    ],
    "Minneapolis": [
        44.9778,
        -93.265
    ],
    "Tulsa": [
        36.154,
        -95.9928
    ],
    "Arlington": [
        32.7357,
        -97.1081
    ],
    "New Orleans": [
        29.9511,
        -90.0715
    ],
    "Wichita": [
        37.6872,
        -97.3301
    ],
    "Cleveland": [
        41.4993,
        -81.6944
    ],
    "Tampa": [
        27.9506,
        -82.4572
    ],
    "Bakersfield": [
        35.3733,
        -119.0187
    ],
    "Aurora": [
        39.7294,
        -104.8319
    ],
    "Anaheim": [
        33.8366,
        -117.9143
    ],
    "Honolulu": [
        21.3069,
        -157.8583
    ],
    "Santa Ana": [
        33.7455,
        -117.8677
    ],
    "Riverside": [
        33.9806,
        -117.3755
    ],
    "Corpus Christi": [
        27.8006,
        -97.3964
    ],
    "Lexington": [
        38.0406,
        -84.5037
    ],
    "Stockton": [
        37.9577,
        -121.2908
    ],
    "Henderson": [
        36.0395,
        -114.9817
    ],
    "Saint Paul": [
        44.9537,
        -93.09
    ],
    "St. Louis": [
        38.627,
        -90.1994
    ],
    "Cincinnati": [
        39.1031,
        -84.512
    ],
    "Pittsburgh": [
        40.4406,
        -79.9959
    ],
    "Greensboro": [
        36.0726,
        -79.792
    ],
    "Anchorage": [
        61.2181,
        -149.9003
    ],
    "Plano": [
        33.0198,
        -96.6989
    ],
    "Lincoln": [
        40.8136,
        -96.7026
    ],
    "Orlando": [
        28.5383,
        -81.3792
    ],
    "Irvine": [
        33.6846,
        -117.8265
    ],
    "Newark": [
        40.7357,
        -74.1724
    ],
    "Toledo": [
        41.6528,
        -83.5379
    ],
    "Durham": [
        35.994,
        -78.8986
    ],
    "Chula Vista": [
        32.6401,
        -117.0842
    ],
    "Fort Wayne": [
        41.0793,
        -85.1394
    ],
    "Jersey City": [
        40.7178,
        -74.0431
    ],
    "St. Petersburg": [
        27.7676,
        -82.6403
    ],
    "Laredo": [
        27.5306,
        -99.4803
    ],
    "Madison": [
        43.0731,
        -89.4012
    ],
    "Chandler": [
        33.3062,
        -111.8413
    ],
    "Buffalo": [
        42.8864,
        -78.8784
    ],
    "Lubbock": [
        33.5779,
        -101.8552
    ],
    "Scottsdale": [
        33.4942,
        -111.9261
    ],
    "Reno": [
        39.5296,
        -119.8138
    ],
    "Glendale": [
        34.1425,
        -118.2551
    ],
    "Gilbert": [
        33.3528,
        -111.789
    ],
    "Winston-Salem": [
        36.0999,
        -80.2442
    ],
    "North Las Vegas": [
        36.1989,
        -115.1175
    ],
    "Norfolk": [
        36.8508,
        -76.2859
    ],
    "Chesapeake": [
        36.7682,
        -76.2875
    ]
}